Input Index,DB Found,DB Name,DB Accession Number,Date Accessed,16S Sequence
1,SILVA,Bacteroidales BS11,AB185537.1,29/08/2022,AGAGTTTGATCCTGGCTCAGGATGAACGCTGGCGGCAGGCTTAATACATGCAAGTCGAACGGTAAGGCCGAGTGCAGCAATGCATGAGGTACACGAGTGGCGCACGGGTGCGTAACGCGTATGCAACCTGCCCCCAACCGGGACAAAACAGCTGGAAACGGCTGCTAATATCCCATAGCCACGCGGGAGGGCATCCTCCTGTGTGTAAAGATTCATTGGTTGGGGATGGGCATGCGTATTATTAGGTAGTTGGCGGGGTAACGGCCCACCAAGCCGACGATGATTAGGGGTCCTGAGAGGGTTAACCCCCACACTGGAACTGAGACACGGTCCAGACTCCTACGGGAGGCAGCAGTAGGGAATATTGGGCAATGGGAGCAATCCTGACCCAGCCATGCCGCGTGAAGGAAGACGGCCCTATGGGTTGTAAACTTCTTTTGCCGCAGAGTAAACCCGGTCACGTGTGGCCGGTTGAGAGTATGCGGCGAATAAGTATCGGCTAACTCCGTGCCAGCAGCCGCGGTAATACGGAGGATACAAGCGTTATCCGGATTTATTGGGTTTAAAGGGTGCGCAGGCGGACCGCTAAGTCAGGGGTGAAAAGTTGGGGCTTAACTCCAATCGTGCCTTTGATACTGGCGGACTAGAGTGCGATAGGCGTGGCCGGAATGTGGCGTGTAGCGGTGAAATGCTTAGATATGCCACGGAACACCGATCGAGAAGTCAGGTCACGAGTTCGCAACTGACGCTCATGCACGAAAGCGTGGGGATCAAACAGGATTAGATACCCTGGTAGTTCCACGCCGTAAACGATGATCACTCGTTGTCGGGGGGCGACCCTCGGTGGCCAAGCGAAAGCGATAAGTGATCCACCTGGGGAGTACGATCGCAAGGTTGAAACTCAAAGGAATTGACGGGGGCCCGCACAAGCGGAGGAGCATGTGGTTTAATTCGATGATACGCGAGGAACCTTACCCGGGCTTGAACGTAAGACGACGACGCAGGAGACTGCGTTTCCTTAGGGCGTTTTGCGAGGTGCTGCATGGTTGTCGTCAGCTCGTGCCGTGAGGTGTTAGGTTAAGTCCTGCAACGAGCGCAACCCTTACCTTCAGTTGCCAGCACGTAATGGTGGGGACTCTGGAGGAACTGCCTACGCAAGTAGAGAGGAAGGTGGGGATGACGTCAAATCAGCACGGCCCTTATGTCCGGGGCTACACACGTGCTACAATGGCGCGCACAGAGGGCAGCGACCCCGCGAGGGGGAGCGAATCCATGAAAGCGCGTCTCAGTCCGGATCGGAGTCTGGAACCCGACTCCGTGAAGTTGGATTCGCTAGTAATCGCGCATCAGCCATGACGCGGTGAATACGTTCCCGGGCCTTGTACACACCGCCCGTCAAGCCATGGAAGATAGTGGTACCTGAAGTCTGTACCCGCAAGGAGCGGCCTAAGGTAAAACTGTTAACTGGGGCTAAGTCGTAACAAGGTAGCCGTACCGGAAGGTGTGGCTGGATCACCTCCTTTCT
2,SILVA,Bacteroidales BS11,AB185635.1,29/08/2022,AGAGTTTGATCCTGGCTCAGGATGAACGCTGGCGGCAGGCTTAATACATGCAAGTCGAACGGTAAGGCCGAGTGCAGCAATGCATGAGGTACACGAGTGGCGCACGGGTGCGTAACGCGTATGCAACCTGCCCCCAACCGGGACAAAACAGCTGGAAACGGCTGCTAATATCCCATGGCCACTTGGGAGGGCATCCTCCTGAGTGTAAAGATTCATTGGTTGGGGATGGGCATGCGTATTATTAGGTAGTTGGCGGGGTAACGGCCCACCAAGCCGACGATGATTAGGGGTCCTGAGAGGGTTAACCCCCACACTGGAACTGAGACACGGTCCAGACTCCTACGGGAGGCAGCAGTAGGGAATATTGGGCAATGGGAGCAATCCTGACCCAGCCATGCCGCGTGAAGGAAGACGGCCCTATGGGTTGTAAACTTCTTTTGCCGCAGAGTAAACCTGGGGACGTGTCCCCAGTTGAGAGTATGCGGCGAATAAGTATCGGCTAACTCCGTGCCAGCAGCCGCGGTAATACGGAGGATACAAGCGTTATCCGGATTTATTGGGTTTAAAGGGTGCGCAGGCGGACCGTTAAGTCAGGGGTGAAAAGTTGGGGCTCAACTCCAATCGTGCCTTTGATACTGGCGGACTAAAGTGCGATAGGCGTGGCCGGAATGTGGCGTGTAGCGGTGAAATGCTTAAATATGCCACAGAACACCGATCGAGAAGTCAGGTCACGAGTTCGCAACTGACGCTCATGCACGAAAGCGTGGGGGATCAAACAGGATTAGATACCCCTGGTAGTCCACGCCGTAAACGATGATCACTCGTTGTCGGGGGGCGACCCTCGGTGGCCAAGCGAAAGCGATAAGTGATCCACCTGGGGAGTACGATCGCAAGGTTGAAACTCAAAGGAATTGACGGGGGCCCGCACAAGCGGAGGAGCATGTGGTTTAATTCGATGATACGCGAGGAACCTTACCCGGGCTTGAACGTAAGACGACGACGCAGGAGACTGCGTTTCCTTAGGGCGTTTTGCGAGGTGCTGCATGGTTGTCGTCAGCTCGTGCCGTGAGGTGTTAGGTTAAGTCCTGCAACGAGCGCAACCCTTACCTTCAGTTGCCAGCACGTAATGGTGGGGACTCTGGAGGAACTGCCTACGCAAGTAGAGAGGAAGGTGGGGATGACGTCAAATCAGCACGGCCCTTATGTCCGGGGCTACACACGTGCTACAATGGCGCGCACAGAGGGCAGCGACCCCGCGAGGGGGAGCGAATCCATGAAAGCGCGTCTCAGTCCGGATCGGAGTCTGGAACCCGACTCCGTGAAGTTGGATTCGCTAGTAATCGCGCATCAGCCATGACGCGGTGAATACGTTCCCGGGCCTTGTACACACCGCCCGTCAAGCCATGGAAGATAGTGGTACCTGAAGTCTGTACCCGCAAGGAGCGGCCTAAGGTAAAACTGTTAACTGGGGCTAAGTCGTAACAAGGTAGCCGTACCGGAAGGTGTGGCTGGATCACCTCCTTTCT
3,SILVA,Bacteroidales RF16,AB009199.1,29/08/2022,TGCAAGTCGAGGGGCAGCGCGGGAGAAGCTTGCTTTTCCTGGCGGCGACCGGCGCACGGGTGCGTAACAGGTGTGCAATCTGTCCTATACCGGGGCATAGCCAGCGAAAGTTGGATTAATTCTCCATGTGAAGCGATACCGCATGATATTGCTTTGAAACGTAAGGGTATAGGGTGAGCACGCTTCTGATTAGATAGTTGGTGGGGTAACGGCTCACCAAGTCGACGATCAGTAGGGGTTCTGAGAGGAAGGTCCCCCACATTGGAACTGAGACACGGTCCAAACTCCTACGGGAGGCAGCAGTGAGGAATATTGGTCAATGGGCGAGAGCCTGAACCAGCCAAGTCGCGTGAAGGATGAAGGTTCTATGGATTGTAAACTTCTTTTGTCCGAGGGTAAAAAAGGCCACGTGTGGCTTCTTGCAAGTATCGGACGAATAAGCATCGGCTAACTCCGTGCCAGCAGCCGCGGTAATACGGAGGATGCGAGCGTTATCCGGATTTATTGGGTTTAAAGGGTGCGTAGGTGGTTTGTTAAGTTTGTGGTGAAAGCGTGCGGCTCAACCGTACCAAGCCATGAAAACTGGCGAACTTGAGTGCAAACGAGGTAGGCGGAATGTGATGTGTAGCGGTGAAATGCTTAGATATGTCACAGAACCCCGATTGCGAAGGCAGCTTACCAGCATGCAACTGACACTGAGGCACGAAAGCGTGGGTATCAAACAGGATTAGATACCCTGGTAGTCCACGCAGTAAACGATGAATACTAGCTGTTGGCGATATATGGTCAGCGGTACAGCGAAAGTGTTAAGTATTCCACCTGGGGAGTACGCCGGCAACGGTGAAACTCAAAGGAATTGACGGGGGCCCGCACAAGCGGAGGAACATGTGGTTTAATTCGATGATACGCGAGGAACCTTACCCGGGCTTGAAAGTTAGTGACGGCGGATGAAAGTCTGCTTCCTTCGGGGCACGAAACTAGGTGCTGCATGGTTGTCGTCAGCTCGTGCCGTGAGGTGTCGGCTTAAGTGCCATAACGAGCGCAACCCTTGCCGTTAGTTGCCAGCGGGTGATGCCGGGAACTCTAGCGGGACTGCTACTGTAAGGTAGAGGAAGGTGGGGATGACGTCAAATCAGCACGGCCCTTACGTCCGGGGCGACACACGTGTTACAATGGTGAGTACAGAGGGTTGCTACTTGGTGACAAGATGCTAATCTCCTAAAACTCATCTCAGTTCGGATCGGAGTCTGCAACTCGACTCCGTGAAGCTGGATTCGCTAGTAATCGCGCATCAGCCATGGCGCGGTGAATACGTTCCCGGGCCTTGTACACACCGCCCGTCAAGCCATGGAAGCTGGGGGTACCTAAAGTCTGCAACCGCAAGGAGCGGCCTAGGGTAAAACTGGTAACTGGGGCT
4,SILVA,Muribaculum,AB702723.1,29/08/2022,ATTGAAGAGTTTGATCATGGCTCAGGATGAACGCTAGCGACAGGCCTAACACATGCAAGTCGAGGGGCATCGGGGAGCGAAGTTTGCTTTGCTCCGCCGGCGACCGGCGCACGGGTGAGTAACGCGTATGCAACCTGCCCGTTTCAGCGGGATAACCCGGAGAAATCCGGCCTAATACCGCATGTGGCCGAGGGAAGGCATCTTCTTTCGGCCAAAGGAGGCGACTCCGGAGACGGATGGGCATGCGTGACATTAGCTTGTTGGCGGGGTAACGGCCCACCAAGGCGACGATGTCTAGGGGTTCTGAGAGGAAGGTCCCCCACACTGGTACTGAGACACGGACCAGACTCCTACGGGAGGCAGCAGTGAGGAATATTGGTCAATGGGCGAGAGCCTGAACCAGCCAAGTCGCGTGAAGGATGACGGCCCTACGGGTTGTAAACTTCTTTTGTCAGGGAGCAATTGGGTCCACGCGTGGGCTTAGCGAGAGTACCTGAAGAAAAAGCATCGGCTAACTCCGTGCCAGCAGCCGCGGTAATACGGAGGATGCGAGCGTTATCCGGATTTATTGGGTTTAAAGGGTGCGTAGGCGGAATATCAAGTCAGCGGTAAAAATTCGGGGCTCAACCCCGTCGTGCCGTTGAAACTGATGTTCTTGAGTGGGCGAGAAGTATGCGGAATGCGTGGTGTAGCGGTGAAATGCATAGATATCACGCAGAACTCCGATTGCGAAGGCAGCATACCGGCGCCCAACTGACGCTGAAGCACGAAAGCGTGGGTATCGAACAGGATTAGATACCCTGGTAGTCCACGCAGTAAACGATGAATGCTAATTGTCCGGAGGGATTGACCTCTGGGTGATACAGCGAAAGCGTTAAGCATTCCACCTGGGGAGTACGCCGGCAACGGTGAAACTCAAAGGAATTGACGGGGGCCCGCACGAGCGGAGGAACATGTGGTTTAATTCGATGATACGCGAGGAACCTTACCCGGGCTCAAACGCAGGAGGAATACATTTGAAAGGGTGTAGCTCTACGGAGTCTTCTGCGAGGTGCTGCATGGTTGTCGTCAGCTCGTGCCGTGAGGTGTCGGCTTAAGTGCCATAACGAGCGCAACCCCTATCGACAGTTGCCAACAGGTTAAGCTGGGAACTCCGTCGAGACTGCCGGCGCAAGCTGAGAGGAAGGCGGGGATGACGTCAAATCAGCACGGCCCTTACGTCCGGGGCGACACACGTGTTACAATGGCGGCCACAGCGGGAAGCCAGGCGGCGACGCCGAGCGGAACCCGAAAAGCCGTCTCAGTTCGGATTGGAGTCTGCAACCCGACTCCATGAAGCTGGATTCGCTAGTAATCGCGCATCAGCCACGGCGCGGTGAATACGTTCCCGGGCCTTGTACACACCGCCCGTCAAGCCATGGGAGCCGGGAGTGCCTGAAGTACGTGACCGCAAGGAGCGTCCTAGGGTAAGACCGGTGACTGGGGCTAAGTCGTAACAAGGTAACC
5,SILVA,Prevotella ruminicola,AB003401.1,29/08/2022,AGTTTGATCCTGGCTCAGGATGAACGCTAGCTACAGGCTTAACACATGCAAGTCGAGGGGCATCAGATCGAAAGCTTGCTTTTGATGCTGGCGACCGGCGCACGGGTGAGTAACGCGTATCCAACCTTCCCTATAGTAGAGAATAGCCCGGCGAAAGTCGGATTAATGCTCTATGTTGTATTTAGAAGACATCTGAAGAATACCAAAGGTTTACCGCTATAGGATGGGGATGCGTCTGATTAGGTAGTAGGCGGGGTAACGGCCCACCTAGCCGACGATCAGTAGGGGTTCTGAGAGGAAGGTCCCCCACATTGGAACTGAGACACGGTCCAAACTCCTACGGGAGGCAGCAGTGAGGAATATTGGTCAATGGACGGAAGTCTGAACCAGCCAAGTAGCGTGCAGGATGACGGCCCTATGGGTTGTAAACTGCTTTTATATAGGGATAAAGTCGGGGACGTGTCCCCGTTTGTAGGTACTATATGAATAAGGACCGGCTAATTCCGTGCCAGCAGCCGCGGTAATACGGAAGGTCCAGGCGTTATCCGGATTTATTGGGTTTAAAGGGAGCGCAGGCTGATGATTAAGCGTGACGTGAAATGTAGCCGCTCAACGGCTGAACTGCGTCGCGAACTGGTTATCTTGAGTGAGTTCGATGTTGGCGGGATTCGTGGTGTAGCGGGTGAAATGCTTAGATATCACGAAGAACTCCGATTGCGAAGGCAGCCAACAAGGCCTTTACTGACGCTAAAGCTCGAAGGTGCGGGTATCGAACAGGATTAGATACCCTGGTAGTCCGCACGGTAAAACGATGGATGCCCGCTGTTTGCGATATACTGTGAGCGGCCAAGAGAAATCGTTAAGCATCCCACCTGGGGAGTACGCCGGCAACGGTGAAACTCAAAGGAATTGACGGGGGCCCGCACAAGCGGAGGAACATGTGGTTTAATTCGATGATACGCGAGGAACCTTACCCCGGGCTTGAACTGCCAGCGAACGATTCAGAGATGATGAGGTCTTCGGGACGCTGGTGGAGGTGCTGCATGGTTGTCGTCAGCTCGTGCCGTGAGGTGTCGGCTTAAGTGCCATAACGAGCGCAACCCTTTTCTTTAGTTGCCATCAGGTAATGCTGGGCACTCTGGAGATACTGCCACCGTAAGGTGTGAGGAAGGTGGGGATGACGTCAAATCAGCACGGCCCTTACGTCCGGGGCTACACACGTGTTACAATGGGGGGTACAGAGAGTCGGTGCATGGCAATATGCATCTAATCCTTAAAGCCTTCCTCAGTTCGGATTGGGGTCTGCAACCCGACCCCATGAAGCTGGATTCGCTAGTAATCGCGCATCAGCCATGGCGCGGTGAATACGTTCCCGGGCCTTGTACACACCGCCCGTCAAGCCATGAAAGCCGGGGGCGCTTGAAGTCCGTGACCGCAAGGATCGGCCTAGAGCGAAACTGGTAATTGGGGCTAAGTCGTAACAAGGTAGCC
6,SILVA,Prevotella,AB034102.1,29/08/2022,AGAGTTTGATCCTGGCTCAGGATGAACGCTAGCTACAGGCTTAACACATGCAAGTCGAGGGGCATCGGGAAGTTAGCTTGCTAACTTTGCCGGCGACCGGCGCACGGGTGAGTAACGCGTATCCAACCTTCCCCTTAGTAGGGCATAGCCGGCGAAAGTCGGATTAATACCCTATGTTCTTCGTCGAGGACATCTGAAGTGAAGCAAAGATTCATCGCTAAGGGATGGGGATGCGTCTGATTAGGTAGTAGGCGGGGTAACGGCCCACCTAGCCGACGATCAGTAGGGGTTCTGAGAGGAAGGTCCCCACATTGGAACTGAGACACGGTCCAAACTCCTACGGGAGGCAGCAGTGAGGAATATTGGTCAATGGACGAGAGTCTGAACCAGCCAAGTAGCGTGCAGGATGACGGCCCTATGGGTTGTAACTGCTTTTATGCGGGGATAAGTGAGGGACGTGTCCCTTTTTTGTAGGTACCGCATGAATAAGGACCGGCTAATTCCGTGCCAGCAGCCGCGGTAATACGGAAGGTCCGGGCGTTATCCGGATTTATTGGGTTTAAAGGGAGCGCAGGCTGATTGCTAAGCGTGACGTGAAATGTAGCCGCTCAACGGCTGAACTGCGTCGCGAACTGGTGGTCTTGAGTGAGTACGACGTCAGCGGAATTCGTGGTGTAGCGGTGAAATGCTTAGATATCACGAAGAACCCCGATTGCGAAGGCAGCTGACGAGTCCTTTACTGACGCTAAAGCTCGAAGGTGCGGGTATCGAACAGGATTAGATACCCTGGTAGTCCGCACGGTAAACGATGGATGCCCGCTGTTGGCGATACAGTGTCAGCGGCCAAGCGAAAGCGTTAAGCATCCCACCTGGGGAGTACGCCGGCAACGGTGAAACTCAAAGGAATTGACGGGGGCCCGCACAAGCGGAGGAACATGTGGTTTAATTCGATGATACGCGAGGAACCTTACCCGGGCTTGAACTGCAGCAGAACGATTCAGAGATGATGAGGTCCTTCGGGACTGCTGTGGAGGTGCTGCATGGTTGTCGTCAGCTCGTGCCGTGAGGTGTCGGCTTAAGTGCCATAACGAGCGCAACCCTTTTCTTCAGTTGCCATCAGGTGATGCTGGGCACTCTGGAGACACTGCCACCGTAAGGTGTGAGGAAGGTGGGGATGACGTCAAATCAGCACGGCCCTTACGTCCGGGGCTACACACGTGTTACAATGGGGAGTACAGAGAGTCGAGTGCCGGCAACGTCACTCCAATCGTGAAAGCTCTCCTCAGTTCGGATTGGGGTCTGCAACCCGACCCCATGAAGCTGGATTCGCTAGTAATCGCGCATCAGCCATGGCGCGGTGAATACGTTCCCGGGCCTTGTACACACCGCCCGTCAAGCCATGAAAGCCGGGGGCGCCTGAAGTCCGTGACCGCGAGGGTCGGCCTAGGGTGAAACCGGTGATTGGGGCTAAGTCGTAACAAGGTAGCGTACCGGAAGGTGCGGCTGGATCACCTCCTTTC
7,SILVA,Spirochaetes,AB874564.1,29/08/2022,AACGAACGCTGGCGGCGCGTCTTAAGCATGCAAGTCGAGCGGCAAGGCCCTTCGGGGCCCCAGAGCGGCGGACGGGTGAGTAACGCGTGGACAACCTGCCCTTCGGTGGGGGATAGCCTGCGGAAACGCAGGGTAATACCGCATGAGACGCAACGGGCGGAGGCCGGTTGCGGGAAAGGCCCCGAGGGGCCGCCGGGGGATGGGTCCGCGTCCCATTAGCTAGACGGCGGGGTGAAGGCCCACCGTGGCGACGATGGGTAGCCGGCCTGAGAGGGTGGACGGCCACATTGGAACTGAGACACGGTCCAGACTCCTACGGGAGGCAGCAGCTAAGAATCTTCCGCAATGGGCGAAAGCCTGACGGAGCGACGCCGCGTGGACGATGAAGGCCGTGAGGTTGTAAAGTCCTTTTCGGGGGGGGGAATGAGGTCCGCAGGGAATGGCGGGCCGATGACGTGAACCCCGGAATAAGCCCCGGCTAACTACGTGCCAGCAGCCGCGGTAACACGTAGGGGGCGAGCGTTGTTCGGAATCATTGGGCGTAAAGGGCGCGCAGGCGGCGAGGCAAGTCCGGTGTGAAAGTGCTCGGCTCAACCGAGTGATGCGCTGGAAACTGCCCTGCTTGAGTACAGGAGGGGACGTCGGAATTCCAGGTGTAGGGGTGAAATCTGTAGATATCTGGAAGAACACCGGTGGCGAAGGCGGACGTCTGGCCATGTACTGACGCTGAGGCGCGAAGGTGCGGGGAGCGAACAGGTTTAGATACCCTGGTAGTCCGCACAGTAAACGATGTGCACCAGGTGGCGGGGGGTAGCCCTCGGTACCGAAGCCAACGCATTAAGTGCACCGCCTGGGGAGTATGCTCGCAAGGGTGAAACTCAAAGGAATTGACGGGGGCCCGCACAAGCGGTGGAGCATGTGGTTTAATTCGATGATACGCGAGGAACCTTACCAGGGCTTGACATGGGCCGGGAGGCGGGTGAAAGTCCGCCGCCCTTCGGGGCCGGTCCACAGGTGCTGCATGGCTGTCGTCAGCTCGTGCTGTGAAGTGTTGGGTTAAGTCCCGCAACGAGCGCAACCCCCGCCGCCCGTTACCATCGAGTAACGTCGGGGACTCAGGCGGAACTGCCGGTGACAAACCGGAGGAAGGTGGGGACGACGTCAAGTCATCATGGCCCTTATGTCCTGGGCTACACACGTGCTACAATGGCAGGTACAGAGCGCAGCGAGGCCGCGAGGCGGAGCGAACCGCGAAAAGCCTGTCCCAGTACGGATTGGGGTCTGCAACCCGACCCCATGAAGTTGGAATCGCTAGTAATCGCGCATCAGCATGGCGCGGTGAATACGTTCCCGGGCCTTGTACACACCGCCCGTCACACCATCCGAGTCGGGGGCACCCGAAGTCGCCAGCCCAACCGCAAGGGGGGCGGTGCCGAAGGTACGCCTGGTGAGGAGGGTG
8,SILVA,Lachnospira,AB612826.1,29/08/2022,AGAGTTTGATCCTGGCTCAGGATGAACGCTGGCGGCGTGCTTAACACATGCAAGTCGAACGAAGCAACTTATCACGATTCCTTTGGGATGACGATTTGTTGACTGAGTGGCGGACGGGTGAGTAACGCGTGGGTAACCTGCCTTATACAGGGGGATAGCAGCTGGAAACGGCTGATAATACCGCATAAGCGCACGGTATCGCATGATACAGTGTGAAAAACTCCGGTGGTATAAGATGGACCCGCGTCTGATTAGCTAGTTGGTGAGGTAACGGCCCACCAAGGCGACGATCAGTAGCCGACCTGAGAGGGTGACCGGCCACATTGGGACTGAGACACGGCCCAGACTCCTACGGGAGGCAGCAGTGGGGAATATTGCACAATGGAGGAAACTCTGATGCAGCGACGCCGCGTGAGCGAAGAAGTATTTCGGTATGTAAAGCTCTATCAGCAGGGAAGATAATGACGGTACCTGACTAAGAAGCTCCGGCTAAATACGTGCCAGCAGCCGCGGTAATACGTATGGAGCAAGCGTTATCCGGATTTACTGGGTGTAAAGGGAGTGTAGGTGGCAAAGCAAGTCAGTAGTGAAAATCCGGGGCTCAACCTCGGAACTGCTATTGAAACTGTTTAGCTAGAGTGCAGGAGAGGTAAGTGGAATTCCTAGTGTAGCGGTGAAATGCGTAGATATTAGGAGGAACACCAGTGGCGAAGGCGGCTTACTGGACTGTAACTGACACTGAGGCTCGAAAGCGTGGGGAGCAAACAGGATTAGATACCCTGGTAGTCCACGCCGTAAACGATGAATACTAGGTGTTGGGTCTCATAAGAGATTCGGTGCCGCAGCTAACGCAATAAGTATTCCACCTGGGGAGTACGTTCGCAAGAATGAAACTCAAAGGAATTGACGGGGACCCGCACAAGCGGTGGAGCATGTGGTTTAATTCGAAGCAACGCGAAGAACCTTACCTAGTCTTGACATCCCGATGACAGAGTATGTAATGTACTTTTTCTTCGGAACATCGGTGACAGGTGGTGCATGGTTGTCGTCAGCTCGTGTCGTGAGATGTTGGGTTAAGTCCCGCAACGAGCGCAACCCCTATTTTTAGTAGCCAGCAGTTCGGCTGGGCACTCTAGAAAGACTGCCAGGGATAACCTGGAGGAAGGTGGGGATGACGTCAAATCATCATGCCCCTTATGACTAGGGCTACACACGTGCTACAATGGCGTAAACAAAGTGAAGCGAGAGTGTGAGCTTAAGCAAATCACAAAAATAACGTCTCAGTTCGGATTGTAGTCTGCAACTCGACTACATGAAGCTGGAATCGCTAGTAATCGCAGATCAGAATGCTGCGGTGAATACGTTCCCGGGTCTTGTACACACCGCCCGTCACACCATGGGAGTCGAAAATGCCCGAAGTCGGTGACCTAACGTAAGAAGGAGCCGCCGAAGGCAGGTTTGATAACTGGGGTGAAGTCGTAACAAGGTAGCC
9,SILVA,Butyrivibrio,AB034053.1,29/08/2022,AGAGTTTGATCCTGGCTCAGGATGAACGCTGGCGGCGTGCCTAACACATGCAAGTCGAACGGAGTTTGTAGAACGGAAGTCTTCGGATGGAAGATTTATAAACTTAGTGGCGGACGGGTGAGTAACGCGTGGGTAACCTGCCTCGTACAGGGGGATAGCAGCTGGAAACGGCTGGTAAAACCGCATAAGCGCACAACTTCGCATGAAGGAGTGTGAAAATATTTATAGGTACGAGATGGGCCCGCGTCTGATTAGCCAGTTGGCAGGGTAACGGCCTACCAAAGCGACGATCAGTAGCCGGCCTGAGAGGGCGGACGGCCACATTGGGACTGAGACACGGCCCAAACTCCTACGGGAGGCAGCAGTGGGGGATATTGCACAATGGGCGAAAGCCTGATGCAGCGACGCCGCGTGAGTGAAGAAGTATTTCGGTATGTAAAGCTCTATCAGCAGGGAAGAAAGGCCTCGAAAGAGGAGATGACGGTACCTGAGTAAGAAGCCCCGGCTAACTACGTGCCAGCAGCCGCGGTAATACGTAGGGGGCAAGCGTTATCCGGATTTACTGGGTGTAAAGGGAGCGTAGATGGTTAGACAAGTCTGAAGTGAAAACCCGCGGCTCAACCGTGAGATTGCTTTGGAAACTGTGTAACTAGAGTACTGGAGAGGTAAGCGGAATTCCTAGTGTAGTAGTGAAATGCGTAGATATTAGGAAGAACATCAGTGGCGAAGGCGGCTTACTGGACAGCAACTGACATTGAGGCTCGAAGGCGTGGGGAGCAAACAGGATTAGATACCCTGGTAGTCCACGCAGTAAACGATGAATACTAGGTGTTGGGAGTCAAAGACTTTCAGTGCCGTCGCTAACGCAGTAAGTATTCCACCTGGGGAGTACGTTCGCAAGAATGAAACTCAAAGGAATTGACGGGGACCCGCACAAGCGGTGGAGCATGTGGTTTAATTCGAAGCAACGCGAAGAACCTTACCAGATCTTGAATCCAAATGAATAACGGGTAATGCCGTTAGCTTTTCGGAGTATTTGAGACAGGTGGTGCATGGTTGTCGTCAGCTCGTGTCGTGAGATGTTGGGTTAAGTCCCGCAACGAGCGCAACCCCTGTCCATAGTAGCCAGCAGTAAGATGGGAACTCTATGGAGACTGCCAGGGATAACCTGGAGGAAGGTGGGGATGACGTCAAATCATCATGCCCCTTATGATCTGGGCGACACACGTGCTACAATGTCGTAACAAAGGGAAGCGAAGGAGCGATCCGGAGCAAAACTCAAAAATAACGACCCAGTTCGGACTGTAGGCTGCAACCCGCCTGCACGAAGCTGGAATCGCTAGTAATCGCAGATCAGAATGCTGCGGTGAATACGTTCCCGGGTCTTGTACACACCGCCCGTCACACCATGGGAGTCGGAAATGCCCGAAGTCAGTGGCCTAACCGTAAGGAGGGAGNGCCGAAGGCAGGTCGGATAACTGGGGTGAAGTCGTAACAAGGTAGCCGTAGGAGAACTGCGGCTGGATCACCTCCTTTCT
10,SILVA,Coprococcus,AB185766.1,29/08/2022,AGAGTTTGATCCTGGCTCAGGATGAACGCTGGCGGCGTGCTTAACACATGCAAGTCGAACGGAACATTCCACCCGATGATTGAGAAAGCTTGCTTTTGATTGAATCAACCGGAATGTTTAGTGGCGGACGGGTGAGTAACGCGTGGGTAACCTACCTTACACAGGGGGATAACAGTTAGAAATGACTGCTAATACCGCATAAGCGCACAGTACCGCATGGTACAGTGTGAAAAACTCCGGTGGTGTAAGATGGACCCGCGTCTGATTAGCTAGTTGGTGAGGTAACGGCCCACCAAGGCGACGATCAGTAGCCGGCCTGAGAGGGTGAACGGCCACATTGGAACTGAGACACGGTCCAAACTCCTACGGGAGGCAGCAGTGGGGAATATTGCACAATGGGGGAAACCCTGATGCAGCGACGCCGCGTGAGTGAAGAAGTATTTCGGTATGTAAAGCTCTATCAGCAGGGAAGATCATGACGGTACCTGACTAAGAAGCTCCGGCTAAATACGTGCCAGCAGCCGCGGTAATACGTATGGAGCAAGCGTTATCCGGATTTACTGGGTGTAAAGGGTGCGTAGGTGGTATGGCAAGTCAGAAGTGAAAACCCGGGGCTCAACCCCGCGGATTGCTTTTGAAACTGTCAGACTAGAGTATAGGAGAGGCAAGCGGAATTCCTAGTGTAGCGGTGAAATGCGTAGATATTAGGAGGAACACCAGTGGCGAACGCGGCTTGCTGGACTAAAACTGACACTGACGCACGAAAGCGTGGGGAGCAAACAGGATTAGATACCCTGGTAGTCCACGCCGTAAACGATGAATACTAGGTGTCGGGGTCTAAAAGACTTTCGGTGCCGCAGCAAACGCAATAAGTATTCCCACCTGGGGAGTACGTTCGCAAGAATGAAACTCAAAGGAATTGACGGGGACCCGCACAAGCGGTGGAGCATGTGGTTTAATTCGAAGCAACGCGAAGAACCTTACCAGGTCTTGACATCTGACTGACCGTTCTTTAATCGGAACTTTCCTTCGGGACAGTCAAGACAGGTGGTGCATGGTTGTCGTCAGCTCGTGTCGTGAGATGTTGGGTTAAGTCCCGCAACGAGCGCAACCCCTATTTCCAGTAGCCAGCAGTAAGATGGGAACTCTGGAGAGACTGCCGGGGATAACCCGGAGGAAGGTGGGGACGACGTCAAATCATCATGCCCCTTATGATCTGGGCTACACACGTGCTACAATGGCAGTTACAGAGGGAAGCGAAACTGTGAAGTGGAGCAAACCCCAAAAAGGCTGTCTCAGTTCGGATTGTAGTCTGCAACTCGACTACATGAAGCTGGAATCGCTAGTAATCGCGAATCAGAATGTCGCGGTGAATACGTTCCCGGGTCTTGTACACACCGCCCGTCACACCATGGGAGTTGGGAATGCCCGAAGCCTGTGACCTAACCGCAAGGGAGGAGCAGTCGAAGGCAGGCTCGATAACTGGGGTGAAGTCGTAACAAGGTAGCCGTATCGGAAGGTGCGGCTGGATCACCTCCTTTCT
